{
    "name": "cat",
    "lighting": "none",
    "matrix": {
        "rows": 4,
        "cols": 12
    },
    "layouts": {
        "keymap": [
            [
                {
                    "x": 3
                },
                "0,3",
                {
                    "x": 7.5
                },
                "0,8"
            ],
            [
                {
                    "y": -0.75,
                    "x": 2
                },
                "0,2",
                {
                    "x": 1
                },
                "0,4",
                {
                    "x": 5.5
                },
                "0,7",
                {
                    "x": 1
                },
                "0,9"
            ],
            [
                {
                    "y": -0.9,
                    "x": 5
                },
                "0,5",
                {
                    "x": 3.5
                },
                "0,6"
            ],
            [
                {
                    "y": -0.3500000000000001
                },
                "0,0",
                "0,1",
                {
                    "x": 1
                },
                "1,3",
                {
                    "x": 7.5
                },
                "1,8",
                {
                    "x": 1
                },
                "0,10",
                "0,11"
            ],
            [
                {
                    "y": -0.75,
                    "x": 2
                },
                "1,2",
                {
                    "x": 1
                },
                "1,4",
                {
                    "x": 5.5
                },
                "1,7",
                {
                    "x": 1
                },
                "1,9"
            ],
            [
                {
                    "y": -0.8999999999999999,
                    "x": 5
                },
                "1,5",
                {
                    "x": 3.5
                },
                "1,6"
            ],
            [
                {
                    "y": -0.3500000000000001
                },
                "1,0",
                "1,1",
                {
                    "x": 1
                },
                "2,3",
                {
                    "x": 7.5
                },
                "2,8",
                {
                    "x": 1
                },
                "1,10",
                "1,11"
            ],
            [
                {
                    "y": -0.75,
                    "x": 2
                },
                "2,2",
                {
                    "x": 1
                },
                "2,4",
                {
                    "x": 5.5
                },
                "2,7",
                {
                    "x": 1
                },
                "2,9"
            ],
            [
                {
                    "y": -0.8999999999999999,
                    "x": 5
                },
                "2,5",
                {
                    "x": 3.5
                },
                "2,6"
            ],
            [
                {
                    "y": -0.3500000000000001
                },
                "2,0",
                "2,1",
                {
                    "x": 11.5
                },
                "2,10",
                "2,11"
            ],
            [
                {
                    "r": 5,
                    "rx": 5,
                    "ry": 3.5,
                    "x": 0.09999999999999964
                },
                "3,4"
            ],
            [
                {
                    "rx": 10.75
                },
                "3,8"
            ],
            [
                {
                    "r": 15,
                    "rx": 6.5,
                    "y": 0.20000000000000018,
                    "x": -0.04999999999999982
                },
                "3,5"
            ],
            [
                {
                    "r": -15,
                    "rx": 8.25,
                    "y": 0.3900000000000001,
                    "x": -0.15000000000000036
                },
                "3,6"
            ],
            [
                {
                    "r": -5,
                    "rx": 3.6,
                    "y": 0.10000000000000009,
                    "x": 0.20000000000000018
                },
                "3,3"
            ],
            [
                {
                    "rx": 9.5,
                    "y": 0.10000000000000009,
                    "x": -0.05000000000000071
                },
                "3,7"
            ]
        ],
        "LAYOUT": {
            "layout": [
                {"matrix": [0, 0], "x": 0, "y": 0},
                {"matrix": [0, 1], "x": 1, "y": 0},
                {"matrix": [0, 2], "x": 2, "y": 0},
                {"matrix": [0, 3], "x": 3, "y": 0},
                {"matrix": [0, 4], "x": 4, "y": 0},
                {"matrix": [0, 5], "x": 5, "y": 0},
                {"matrix": [0, 6], "x": 6, "y": 0},
                {"matrix": [0, 7], "x": 7, "y": 0},
                {"matrix": [0, 8], "x": 8, "y": 0},
                {"matrix": [0, 9], "x": 9, "y": 0},
                {"matrix": [0, 10], "x": 10, "y": 0},
                {"matrix": [0, 11], "x": 11, "y": 0},

                {"matrix": [1, 0], "x": 0, "y": 1},
                {"matrix": [1, 1], "x": 1, "y": 1},
                {"matrix": [1, 2], "x": 2, "y": 1},
                {"matrix": [1, 3], "x": 3, "y": 1},
                {"matrix": [1, 4], "x": 4, "y": 1},
                {"matrix": [1, 5], "x": 5, "y": 1},
                {"matrix": [1, 6], "x": 6, "y": 1},
                {"matrix": [1, 7], "x": 7, "y": 1},
                {"matrix": [1, 8], "x": 8, "y": 1},
                {"matrix": [1, 9], "x": 9, "y": 1},
                {"matrix": [1, 10], "x": 10, "y": 1},
                {"matrix": [1, 11], "x": 11, "y": 1},

                {"matrix": [2, 0], "x": 0, "y": 2},
                {"matrix": [2, 1], "x": 1, "y": 2},
                {"matrix": [2, 2], "x": 2, "y": 2},
                {"matrix": [2, 3], "x": 3, "y": 2},
                {"matrix": [2, 4], "x": 4, "y": 2},
                {"matrix": [2, 5], "x": 5, "y": 2},
                {"matrix": [2, 6], "x": 6, "y": 2},
                {"matrix": [2, 7], "x": 7, "y": 2},
                {"matrix": [2, 8], "x": 8, "y": 2},
                {"matrix": [2, 9], "x": 9, "y": 2},
                {"matrix": [2, 10], "x": 10, "y": 2},
                {"matrix": [2, 11], "x": 11, "y": 2},

                {"matrix": [3, 3], "x": 0, "y": 3},
                {"matrix": [3, 4], "x": 1, "y": 3},
                {"matrix": [3, 5], "x": 2, "y": 3},
                {"matrix": [3, 6], "x": 3, "y": 3},
                {"matrix": [3, 7], "x": 4, "y": 3},
                {"matrix": [3, 8], "x": 5, "y": 3}
            ]
        }
    }
}
